Categoría; Producto; Precio
charcuteria y quesos;pechuga de pavo 92 dia nuestra alacena sobre 120 g;1.99
charcuteria y quesos;chorizo extra dia nuestra alacena bandeja 2 x 100 g;1.51
charcuteria y quesos;jamon serrano dia nuestra alacena bandeja 200 g;2.95
charcuteria y quesos;queso sandwich dia lactea sobre 160 g;1.35
charcuteria y quesos;pechuguitas de pollo asado 99 la carlotena bandeja 100 g;2.19
charcuteria y quesos;jamon cocido extra 97 dia nuestra alacena sobre 150 g;1.99
charcuteria y quesos;pechuga de pavo dia nuestra alacena sobre 2 x 200 g;3.95
charcuteria y quesos;jamon cocido extra dia nuestra alacena sobre 2 x 225 g;3.45
charcuteria y quesos;jamon curado navidul sobre 45 g;1
charcuteria y quesos;jamon curado elpozo 1954 sobre 100 g;2
charcuteria y quesos;jamon serrano lonchas extrafinas dia nuestra alacena bandeja 120 g;2.45
charcuteria y quesos;mini taquitos de jamon curado dia nuestra alacena bandeja 2 x 75 g;2.21
charcuteria y quesos;chorizo de leon picante dia nuestra alacena bandeja 100 g;1.99
charcuteria y quesos;salchichon extra dia nuestra alacena bandeja 2 x 100 g;1.67
charcuteria y quesos;pepperoni dia nuestra alacena sobre 75 g;1.19
charcuteria y quesos;taquitos de chorizo dia nuestra alacena bandeja 2 x 50 g;1.19
charcuteria y quesos;queso semicurado dia el cencerro 250 g;2.69
charcuteria y quesos;queso curado dia el cencerro 250 g;2.99
charcuteria y quesos;queso semicurado cortado dia el cencerro 250 g;2.53
charcuteria y quesos;queso de oveja curado dia el cencerro 200 g;2.99
charcuteria y quesos;queso tierno mezcla dia el cencerro 250 g;2.45
charcuteria y quesos;mozzarella fresca dia seleccion mundial bolsa 125 g;1.19
charcuteria y quesos;queso fresco de burgos dia lactea tarrina 4 x 625 g;1.19
charcuteria y quesos;burrata fresca dia seleccion mundial tarrina 150 g;2.3
charcuteria y quesos;queso feta dop dia seleccion mundial bolsa 150 g;2.49
charcuteria y quesos;queso fresco de burgos dia lactea tarrina 250 g;0.89
charcuteria y quesos;rulo de queso de cabra dia lactea 140 g;1.72
charcuteria y quesos;queso roquefort dia seleccion mundial bandeja 100 g;1.9
charcuteria y quesos;medallones de queso de cabra dia lactea 100 g;1.45
charcuteria y quesos;queso gorgonzola dop dia seleccion mundial bandeja 150 g;1.88
charcuteria y quesos;queso azul dia lactea bandeja 100 g;1.36
charcuteria y quesos;crema de queso camembert dia lactea tarrina 125 g;1.49
charcuteria y quesos;queso de untar natural dia lactea tarrina 250 g;1.21
charcuteria y quesos;queso de untar natural light dia lactea tarrina 250 g;1.21
charcuteria y quesos;quesitos dia lactea caja 375 g;2.1
charcuteria y quesos;queso de untar original philadelphia tarrina 250 g;2.65
charcuteria y quesos;queso brie dia seleccion mundial 200 g;1.65
charcuteria y quesos;queso provolone con oregano dia seleccion mundial bolsa 150 g;1.95
charcuteria y quesos;queso curado italiano dia seleccion mundial bandeja 200 g;3.25
charcuteria y quesos;queso emmental dia seleccion mundial bolsa 220 g;1.89
charcuteria y quesos;pate de mejillones en escabeche dia nuestra alacena frasco 110 g;1.49
charcuteria y quesos;pate clasico la piara pack 2 x 75 g;1
charcuteria y quesos;pate de cerdo suave dia nuestra alacena pack 3 x 75 g;1.35
charcuteria y quesos;pate de morcilla dia nuestra alacena frasco 110 g;1.49
charcuteria y quesos;pate de sardinas dia nuestra alacena frasco 110 g;1.49
charcuteria y quesos;queso mozzarella rallado dia lactea bolsa 200 g;1.65
charcuteria y quesos;queso gouda dia seleccion mundial sobre 240 g;1.96
charcuteria y quesos;queso tex-mex picante rallado dia lactea bolsa 150 g;1.39
charcuteria y quesos;queso rallado 4 quesos dia lactea bolsa 200 g;2.03
charcuteria y quesos;salchichas cocidas frankfurt campofrio bolsa 4 x 140 g;2.45
charcuteria y quesos;bacon en lonchas dia nuestra alacena sobre 200 g;2.29
charcuteria y quesos;bacon en tiras dia nuestra alacena bandeja 2 x 100 g;1.84
charcuteria y quesos;guanciale dia seleccion mundial bandeja 100 g;2.29
charcuteria y quesos;salchichas frankfurt dia funky frank bolsa 2 x 160 g;0.99
charcuteria y quesos;chopped pork campofrio sobre 95 g;1
charcuteria y quesos;mortadela bologna igp dia seleccion mundial sobre 150 g;1.89
charcuteria y quesos;chopped pork dia nuestra alacena sobre 250 g;1.4
charcuteria y quesos;mortadela dia nuestra alacena sobre 250 g;1.25
charcuteria y quesos;mortadela con aceitunas dia nuestra alacena sobre 250 g;1.25
charcuteria y quesos;queso fresco batido rico en proteinas granja rinya tarrina 400 g;1.89
charcuteria y quesos;queso cottage alto en proteinas arla tarrina 200 g;2.45
charcuteria y quesos;queso fresco protein plus burgo de arias tarrina 3 x 70 g;2.49
charcuteria y quesos;queso quark con fresa alto en proteinas dia lactea tarrina 200 g;1.29
charcuteria y quesos;queso quark con melocoton y maracuya alto en proteinas dia lactea tarrina 200 g;1.29
charcuteria y quesos;queso quark con fresa alto en proteinas dia lactea bolsa 200 g;1.29
carnes;cuartos traseros de pollo seleccion de dia 780 g aprox;2.18
carnes;pechugas fileteadas seleccion de dia 550 g aprox;4.39
carnes;burger maestra de vacuno 99 seleccion de dia 150 g;2.79
carnes;burger maestra de vacuno con bacon seleccion de dia 150 g;2.79
carnes;escalopines de vacuno seleccion de dia 400 g aprox;7.52
carnes;filete 1 de vacuno seleccion de dia 400 g aprox;7.52
carnes;carne de vacuno en tacos seleccion de dia 460 g aprox;7.59
carnes;escalopin de vacuno elpozo extratiernos 350 g aprox;6.54
carnes;solomillo de cerdo seleccion de dia 600 g aprox;5.39
carnes;longaniza sin tripa seleccion de dia 325 g;1.99
carnes;filete de lomo tierno marinado seleccion de dia bandeja 300 g;2.69
carnes;chuleta de aguja de cerdo seleccion de dia 600 g aprox;3.77
carnes;cerdo a tacos seleccion de dia 600 g aprox;3.59
carnes;chuletas de pavo al ajillo seleccion de dia 600 g aprox;4.49
carnes;pechuga de pavo fileteada al pimenton seleccion de dia 575 g aprox;5.17
carnes;filetes de pechuga de pavo seleccion de dia 650 g aprox;5.84
carnes;solomillo de pavo seleccion de dia 370 g aprox;2.59
carnes;fiambre de pechuga de pavo adobada serrano 240 g;2.49
carnes;medio conejo troceado seleccion de dia 650 g aprox;6.69
carnes;carne picada de vacuno y cerdo seleccion de dia 500 g;4.49
carnes;burger crunchy de pollo con bacon y queso seleccion de dia 200 g;1.99
carnes;pollo para asar 2 unidades seleccion de dia 2 kg;8.99
carnes;alas de pollo partidas seleccion de dia 580 g aprox;3.18
carnes;jamoncitos de pollo seleccion de dia 800 g aprox;3.19
carnes;compango asturiano vallina 250 g;2.69
carnes;arreglo para caldo seleccion de dia 11 kg aprox;6.15
platos preparados y pizzas;albondigas en salsa con patatas 320 g;3.49
platos preparados y pizzas;lasana bolonesa dia al punto 900 g;3.95
platos preparados y pizzas;lentejas con verduras dia al punto 430 g;1.2
platos preparados y pizzas;hummus clasico dia al punto 220 g;1.05
platos preparados y pizzas;lentejas con chorizo dia al punto 430 g;1.35
platos preparados y pizzas;guacamole dia al punto tarrina 200 g;1.8
platos preparados y pizzas;fabada asturiana dia al punto 435 g;1.49
platos preparados y pizzas;pizza carbonara dia al punto 400 g;2.7
platos preparados y pizzas;pizza barbacoa dia al punto 425 g;2.99
platos preparados y pizzas;pizza jamon y queso dia al punto 400 g;2.41
platos preparados y pizzas;pizza atun y bacon dia al punto 400 g;2.8
platos preparados y pizzas;pizza 4 quesos dia al punto 390 g;2.76
platos preparados y pizzas;espaguetis carbonara 350 g;2.99
platos preparados y pizzas;macarrones bolonesa 350 g;2.99
platos preparados y pizzas;libritos de jamon y queso con patatas fritas 250 g;3.49
platos preparados y pizzas;tortilla de patata estilo tradicional con cebolla 13 kg;6.99
platos preparados y pizzas;volantinas con queso dia al punto 145 g;1.25
platos preparados y pizzas;gyozas de pollo y verduras al teppanyaki dia al punto 140 g;2.95
platos preparados y pizzas;hamburguesa con bacon dia al punto 220 g;2.99
platos preparados y pizzas;flautas de pollo y 2 quesos dia al punto 275 g;2.16
platos preparados y pizzas;flautas de bacon y 2 quesos dia al punto 275 g;2.16
platos preparados y pizzas;flautas de carne barbacoa con bacon dia al punto 275 g;2.2
platos preparados y pizzas;sandwich mixto casa tarradellas 240 g;1.99
platos preparados y pizzas;mini tortilla de patatas con cebolla dia al punto 220 g;1.49
platos preparados y pizzas;tortilla de patatas con cebolla dia al punto 600 g;2.79
platos preparados y pizzas;empanada de pollo cremoso el molino de dia 500 g;3.79
platos preparados y pizzas;empanada de atun el molino de dia 500 g;3.79
platos preparados y pizzas;salmorejo dia al punto 1 l;2.19
platos preparados y pizzas;gazpacho suave dia al punto 1 l;1.89
platos preparados y pizzas;salmorejo garcia millan 330 ml;1.65
platos preparados y pizzas;gazpacho dia al punto 1 l;1.69
platos preparados y pizzas;gazpacho dia al punto 3 x 330 ml;2.19
platos preparados y pizzas;cocido madrileno dia al punto 440 g;1.89
platos preparados y pizzas;albondigas dia al punto 415 g;1.75
platos preparados y pizzas;hummus de pimiento dia al punto 220 g;1.49
platos preparados y pizzas;hummus libanes bonnysa bandeja 200 g;1.39
congelados;nuggets de pollo dia al punto 400 g;2.99
congelados;kebab fusion fripozo 320 g;2.99
congelados;san jacobo dia al punto 320 g;1.24
congelados;muslitos de mar msc dia mari marinera caja 250 g;1.19
congelados;filetes de merluza argentina sin piel grandes pescanova bolsa 400 g;3.99
congelados;sucedaneo de angulas msc congelado dia mari marinera bandeja 250 g;1.99
congelados;sucedaneo de angulas con gambas congelado dia mari marinera bandeja 250 g;2.49
congelados;palitos de surimi ultracongelados msc dia mari marinera bolsa 450 g;1.88
congelados;puntilla aligator bolsa 450 g;4.59
congelados;tiras de poton dia mari marinera bolsa 350 g;3.69
congelados;calamar troceado dia mari marinera bolsa 450 g;4.69
congelados;sepia faraonica dia mari marinera bandeja 400 g;5.59
congelados;calamar entero limpio patagonico dia mari marinera bandeja 400 g;5.59
congelados;filetes de merluza argentina sin piel dia mari marinera bolsa 400 g;3.49
congelados;tacos de bacalao artmorhua bolsa 360 g;3.99
congelados;filetes de bacalao msc dia mari marinera bandeja 360 g;5.03
congelados;filetes de merluza del cabo sin piel msc dia mari marinera bolsa 600 g;5.89
congelados;salmon salvaje msc dia mari marinera bolsa 360 g;5.99
congelados;lomos de salmon dia seleccion mundial bolsa 250 g;6.39
congelados;solomillo de atun msc dia mari marinera bandeja 250 g;4.29
congelados;filetes de gallo sin piel vento bolsa 500 g;5.79
congelados;filetes de panga asc bolsa 480 g;2.59
congelados;varitas de merluza msc dia mari marinera bolsa 450 g;4.49
congelados;caprichos del mar dia mari marinera bolsa 400 g;1.99
congelados;rabas empanadas dia mari marinera bolsa 400 g;3.29
congelados;anillas a la romana dia mari marinera bolsa 400 g;3.99
congelados;almeja del pacifico dia mari marinera bolsa 450 g;1.69
congelados;carne de mejillon cocido dia mari marinera bolsa 250 g;2.14
congelados;preparado para paellas y sopas dia mari marinera bolsa 685 g;4.09
congelados;preparado para fideua y arroces sin cascara dia mari marinera bolsa 450 g;3.79
congelados;preparado de paella con caldo dia mari marinera bandeja 500 g;3.69
congelados;gambas peladas y crudas grandes dia mari marinera bolsa 350 g;5.78
congelados;gambas peladas y crudas medianas dia mari marinera bolsa 350 g;4.79
congelados;gambon crudo dia mari marinera caja 800 g;10.99
congelados;langostino cocido grande 3248 piezas dia mari marinera caja 800 g;7.89
congelados;langostino crudo grande 3248 piezas dia mari marinera caja 800 g;7.89
congelados;verduras para sofrito findus 250 g;2.3
congelados;ensaladilladia vegecampo 1 kg;1.35
congelados;ajo troceado dia vegecampo 150 g;0.99
congelados;coliflor dia vegecampo 1 kg;1.99
congelados;mezcla de pimientos dia vegecampo 400 g;1.16
congelados;cebolla troceada dia vegecampo 400 g;0.92
congelados;mezlca de setas dia vegecampo 400 g;1.43
congelados;lasana bolonesa dia al punto 300 g;1.58
congelados;lasana de verdura dia al punto 300 g;1.59
congelados;lasana bolonesa sin gluten dia al punto 525 g;3.79
congelados;pizza jamon y queso masa fina dia al punto 350 g;2.49
congelados;pizza 6 quesos dia al punto 470 g;3.99
congelados;pizza stranger things mac  cheese caja 486 g;4.49
congelados;pizza stranger things royale california 446 g;4.49
congelados;pizza 4 quesos dia al punto 400 g;2.49
congelados;arroz de marisco con caldo de pescado dia al punto bolsa 330 g;1.99
congelados;helado bombon mini popcorn y cookies 6 unidades dia temptation caja 216 g;1.79
congelados;helado sandwich de nata 6 unidades dia temptation caja 300 g;1.99
congelados;helado de cacahuete alto en proteinas dia temptation tarrina 350 g;2.89
congelados;helado pistacho cheesecake dia temptation tarrina 350 g;2.99
congelados;hielo en cubitos bolsa 2 kg;1.15
congelados;bases de pizza finas 3 unidades dia al punto 420 g;1.79
congelados;pizza barbacoa dia al punto caja 350 g;2.49
congelados;crunchy de pollo con salsa barbacoa fripozo 300 g;2.69
congelados;fingers de pollo dia al punto 400 g;3.19
congelados;mini empanadillas de atun dia al punto bolsa 400 g;1.57
congelados;palitos de mozzarella  dia al punto bolsa 300 g;2.59
congelados;tequenos de queso dia al punto bolsa 240 g;3.49
congelados;croquetas de jamon dia al punto bolsa 400 g;1.59
congelados;croquetas de pollo con leche fresca dia al punto bolsa 400 g;1.69
congelados;mini churros rellenos de crema al cacao maheso caja 170 g;2.99
congelados;churros lazo dia al punto bolsa 500 g;1.49
congelados;porras fritas dia al punto bolsa 250 g;1.99
congelados;crepes naturales vici caja 500 g;3.19
congelados;tarta speculoos congelada sietem bandeja 350 g;5.99
congelados;canelones de carne dia al punto 300 g;1.59
congelados;canelones de atun dia al punto 300 g;1.59
congelados;gnocchis con pollo y verduras dia al punto bolsa 450 g;2.25
congelados;salteado de verduras dia al punto bolsa 400 g;0.97
congelados;arroz tres delicias dia al punto bolsa 850 g;2.42
congelados;patatas gajo barbacoa mccain bolsa 750 g;3.69
congelados;patatas gajo patatas unidas dia bolsa 750 g;1.79
congelados;patatas prefritas patatas unidas dia bolsa 1 kg;1.85
congelados;patatas finas prefritas patatas unidas dia bolsa 1 kg;1.93
congelados;patatas prefritas patatas unidas dia bolsa 2 kg;3.09
congelados;menestra de verduras dia vegecampo 1 kg;1.79
congelados;pisto de verduras con tomate dia al punto bolsa 450 g;1.59
congelados;parrillada de verduras asadas dia al punto bolsa 400 g;1.55
congelados;braseado de verduras con pollo asado dia al punto bolsa 400 g;1.99
congelados;verduras en tempura dia al punto bolsa 400 g;2.69
congelados;filete de boqueron en tempura cocinarte bolsa 400 g;3.75
congelados;alitas de pollo barbacoa la cocinera 300 g;4.99
congelados;nuggets de pollo findus caja 250 g;3.99
congelados;pizza prosciutto sin gluten dr oetker ristorante 345 g;4.59
congelados;pan de queso sin gluten mordi  godi bolsa 253 g;2.99
pescados y mariscos;poton cocido en rodajas dia mari marinera bolsa 200 g;4.69
pescados y mariscos;taquitos de mar cocidos dia mari marinera bolsa 125 g;1.99
pescados y mariscos;langostino cocido seleccion de dia bandeja 400 g;4.69
pescados y mariscos;filete de salmon seleccion de dia bandeja 350 g aprox;8.14
pescados y mariscos;escalopines de salmon seleccion de dia bandeja 350g aprox;9.28
pescados y mariscos;filetes de dorada seleccion de dia bandeja 300 g aprox;7.12
pescados y mariscos;trucha ahumada dia mari marinera bandeja 100 g;2.95
pescados y mariscos;salmon ahumado noruego dia seleccion mundial sobre 100 g;3.8
pescados y mariscos;boquerones en vinagre msc dia mari marinera bandeja 80 g;2.39
pescados y mariscos;filetes de anchoa en aceite de oliva dia mari marinera pack 3 x 25 g;2.99
pescados y mariscos;boquerones en vinagre con ajo y perejil msc dia mari marinera bandeja 80 g;2.49
pescados y mariscos;sucedaneo de angulas con gambas refrigerado dia mari marinera bandeja 200 g;2.89
pescados y mariscos;palitos de surimi refrigeradas msc dia mari marinera bolsa 300 g;1.89
conservas caldos y cremas;espinacas dia vegecampo frasco 425 g;1.55
conservas caldos y cremas;pimientos del piquillo en tiras con ajo dia vegecampo frasco 225 g;1.1
conservas caldos y cremas;maiz dulce dia vegecampo 285 g;0.99
conservas caldos y cremas;judias verdes planas dia vegecampo frasco 360 g;1.2
conservas caldos y cremas;esparragos blancos delgados dia vegecampo frasco 110 g;1.25
conservas caldos y cremas;maiz dulce dia vegecampo 3 x 140 g;1.6
conservas caldos y cremas;caldo casero de pollo 100 natural gallina blanca brik 1 l;2.19
conservas caldos y cremas;atun en aceite de girasol dia mari marinera lata 6 x 52 g;2.89
conservas caldos y cremas;caldo sabor a carne dia al punto caja 24 unidades;1.79
conservas caldos y cremas;caldo de pollo bajo en sal dia al punto brik 1 l;1.2
conservas caldos y cremas;mejillones en escabeche dia mari marinera lata 3 x 43 g;1.75
conservas caldos y cremas;champinones laminados dia vegecampo 185 g;1
conservas caldos y cremas;patatas cocidas enteras dia vegecampo frasco 400 g;1.9
conservas caldos y cremas;sopa de pollo con fideos  dia al punto sobre 71 g;0.55
conservas caldos y cremas;caldo de pollo dia al punto caja 24 unidades;1.45
conservas caldos y cremas;pure de patatas patatas unidas dia caja 500 g;2
conservas caldos y cremas;pastillas de caldo de pollo gallina blanca avecrem caja 8 unidades;1
conservas caldos y cremas;sopa de pollo con fideos gallina blanca sobre 71 g;0.85
conservas caldos y cremas;crema de calabacin con queso dia al punto brik 500 ml;1.2
conservas caldos y cremas;crema de calabaza dia al punto brik 500 ml;1.2
conservas caldos y cremas;fumet de marisco 100 natural dia al punto brik 1 l;2.39
conservas caldos y cremas;caldo de pollo dia al punto brik 1 l;0.8
conservas caldos y cremas;caldo de cocido dia al punto brik 1 l;0.9
conservas caldos y cremas;atun claro en aceite de oliva dia mari marinera lata 6 x 60 g;4.9
conservas caldos y cremas;atun claro al natural dia mari marinera lata 6 x 60 g;4.2
conservas caldos y cremas;filetes de caballa del sur en aceite de oliva dia mari marinera lata 85 g;1.25
conservas caldos y cremas;bonito del norte en aceite de oliva dia mari marinera lata 73 g;1.45
conservas caldos y cremas;berberechos al natural 60100 piezas dia mari marinera lata 63 g;3.29
conservas caldos y cremas;berberechos al natural dia mari marinera lata 90 g;3.39
conservas caldos y cremas;berberechos al natural sagres lata 58 g;2.69
conservas caldos y cremas;berberechos al natural dani lata 63 g;3.59
conservas caldos y cremas;berberechos al natural dani lata 90 g;3.89
conservas caldos y cremas;mejillones en escabeche picantes 1418 piezas dia mari marinera lata 69 g;1.6
conservas caldos y cremas;mejillones al natural 1318 piezas dia mari marinera lata 69 g;1.7
conservas caldos y cremas;mejillones en escabeche 812 piezas dia mari marinera lata 69 g;2.5
conservas caldos y cremas;mejillones en escabeche 1418 piezas dia mari marinera lata 69 g;1.45
conservas caldos y cremas;melva en aceite de oliva dia mari marinera lata 85 g;1.85
conservas caldos y cremas;zamburinas en salsa vieira dia mari marinera lata 63 g;1.59
conservas caldos y cremas;almejones al natural dia mari marinera lata 63 g;1.05
conservas caldos y cremas;trozos de poton en salsa americana dia mari marinera lata 3 x 51 g;1.95
conservas caldos y cremas;poton del pacifico en su tinta dia mari marinera lata 3 x 51 g;2.69
conservas caldos y cremas;sardinillas en aceite picante dia mari marinera lata 62 g;1.15
conservas caldos y cremas;sardinillas en aceite de oliva dia mari marinera lata 2 x 65 g;2.05
conservas caldos y cremas;sardinillas en tomate dia mari marinera lata 62 g;1.09
conservas caldos y cremas;sardinas en tomate dia mari marinera lata 85 g;1.19
conservas caldos y cremas;sardinas en aceite de oliva dia mari marinera lata 85 g;1.25
verduras;ajos malla 250 g;1.89
verduras;cebolla malla 750 g;1.39
verduras;cebolla malla 15 kg;2.49
verduras;puerro unidad;0.79
verduras;tomate ensalada granel 1 kg aprox;2.39
verduras;pimiento verde granel 500 g aprox;1.5
verduras;tomates cherry pera bandeja 250 g;1.39
verduras;tomate pera bandeja 500 g;1.49
verduras;pimiento rojo unidad 300 g aprox;1.05
verduras;judia verde 500 g;2.49
verduras;judia redonda bandeja 250 g;1.49
verduras;brocoli 500 g;1.49
verduras;coliflor unidad 15 kg aprox;2.99
verduras;repollo liso unidad 2 kg aprox;3.38
verduras;canonigos dia vegecampo bolsa 70 g;0.99
verduras;cogollos 3 unidades;1.19
verduras;lechuga iceberg unidad;0.79
verduras;brotes de espinaca baby dia vegecampo bolsa 70 g;0.99
verduras;ensalada tierna dia vegecampo bolsa 125 g;1.09
verduras;zanahoria 1 kg;1.19
verduras;patatas para freir 2 kg;2.5
verduras;patatas 4 kg;5.49
verduras;patatas granel 1 kg aprox;1.89
verduras;batata unidad 550 g aprox;1.31
verduras;seta ostra bandeja 200 g;1.49
verduras;champinon portobello bandeja 250 g;1.79
verduras;champinon laminado bandeja 250 g;1.69
verduras;champinon entero bandeja 250 g;1.49
verduras;champinon grande bandeja 390 g;2.39
verduras;surtido vegetal bandeja 850 g aprox;1.78
verduras;ensalada de la huerta dia al punto 400 g;2.39
verduras;ensalada cesar dia al punto 210 g;2.79
verduras;ensalada brooklyn con bacon dia al punto 200 g;2.79
verduras;ensalada xtreme pollo crispy florette 210 g;3.49
verduras;perejil manojo 50 g;1
verduras;cilantro bandeja 20 g;1.29
verduras;albahaca bandeja 20 g;1.29
verduras;berenjena unidad;1.5
verduras;calabaza cortada a trozos al vacio 500 g;1.99
verduras;calabacin cru 400 g;1.39
verduras;calabaza 15 kg aprox;1.49
verduras;calabacin unidad 350 g aprox;1.15
frutas;uva blanca sin semillas bandeja 400 g;2.69
frutas;aguacate bandeja 450 g;1.69
frutas;pulpa de aguacate dia al punto tarrina 125 g;1.49
frutas;banana granel 900 g aprox;1.07
frutas;manzana roja dulce bolsa 1 kg;2.49
frutas;pera conferencia bandeja 700 g;1.25
frutas;manzana golden bolsa 1 kg;1.99
frutas;manzana roja dulce seleccion granel 500 g aprox;1.35
frutas;manzana golden granel 500 g aprox;1.13
frutas;platano de canarias bolsa 1 kg aprox;2.1
frutas;platano de canarias el afortunado 850 g aprox;2.8
frutas;platano bio bolsa 1 kg aprox;3.29
frutas;platano macho para freir granel 1 kg aprox;2.99
frutas;uva roja sin semilla 400 g;2.59
frutas;freson bandeja 500 g;4.79
frutas;frambuesas bandeja 125 g;1.99
frutas;arandanos vaso 170 g;2.99
frutas;arandanos bandeja 300 g;4.49
frutas;frutos rojos congelados dia fruticampo bolsa 300 g;1.59
frutas;mango bandeja 2 unidades;1.99
frutas;kiwi amarillo zespri bandeja 500 g;3.79
frutas;kiwi bandeja 700 g;2.69
frutas;kiwi granel 500 g aprox;2
frutas;limones malla 750 g;1.49
frutas;mandarina malla 1 kg;1.79
frutas;naranjas de mesa malla 2 kg;2.95
frutas;naranjas para zumo bolsa 4 kg;4.69
frutas;mandarina granel 500 g aprox;1.25
frutas;medio melon piel de sapo unidad 125 kg aprox;2.86
frutas;melon premium bollo unidad 25 kg aprox;7.48
frutas;medio melon bollo unidad 125 kg aprox;3.99
frutas;melon piel de sapo unidad 25 kg aprox;4.98
frutas;fresas congeladas dia fruticampo bolsa 300 g;1.65
frutas;mango congelado congelados de navarra bolsa 300 g;1.79
frutas;aguacate congelado iammi bolsa 300 g;1.79
arroz pastas y legumbres;lentejas pardinas luengo 1 kg;2.46
arroz pastas y legumbres;vasos de arroz dia al punto 2 x 125 g;1.15
arroz pastas y legumbres;pasta fresca tortello rellena de prosciutto dia seleccion mundial 250 g;1.89
arroz pastas y legumbres;tallarines dia al diante 500 g;0.59
arroz pastas y legumbres;arroz extra dia arrozona 1 kg;1.3
arroz pastas y legumbres;arroz redondo sos 1 kg;1.88
arroz pastas y legumbres;arroz vaporizado dia arrozona 1 kg;1.65
arroz pastas y legumbres;arroz largo dia arrozona 1 kg;1.35
arroz pastas y legumbres;cous cous gallo 500 g;2.09
arroz pastas y legumbres;vasos de quinoa blanca y roja brillante 2 x 125 g;1.59
arroz pastas y legumbres;soja texturizada luengo 200 g;2.7
arroz pastas y legumbres;quinoa dia vegecampo 500 g;2.9
arroz pastas y legumbres;vasos de quinoa nomen 2 x 125 g;1.49
arroz pastas y legumbres;pasta de tiburones dia al diante 500 g;0.8
arroz pastas y legumbres;helices vegetales dia al diante 500 g;0.8
arroz pastas y legumbres;macarron dia al diante 1 kg;1.2
arroz pastas y legumbres;espagueti dia al diante 1 kg;1.2
arroz pastas y legumbres;garbanzos cocidos dia vegecampo 400 g;0.75
arroz pastas y legumbres;alubias blancas cocidas dia vegecampo 400 g;0.8
arroz pastas y legumbres;alubias rojas cocidas dia vegecampo 400 g;1.25
arroz pastas y legumbres;alubias pintas cocidas dia vegecampo 400 g;1.25
arroz pastas y legumbres;garbanzos cocidos pedrosillanos dia vegecampo 400 g;0.95
arroz pastas y legumbres;lentejas castellanas dia vegecampo 1 kg;2.1
arroz pastas y legumbres;lentejas pardinas dia vegecampo 1 kg;2.1
arroz pastas y legumbres;lentejas pardinas luengo 500 g;1.33
arroz pastas y legumbres;lentejas cocidas dia vegecampo 400 g;0.9
arroz pastas y legumbres;fideo grueso dia al diante 500 g;0.8
arroz pastas y legumbres;pasta de pinones dia al diante 500 g;0.8
arroz pastas y legumbres;fideo cabellin dia al diante 500 g;0.8
arroz pastas y legumbres;sopa maravilla dia al diante 500 g;0.8
arroz pastas y legumbres;fideua dia al diante 500 g;0.8
arroz pastas y legumbres;pasta fresca tortello rellena de carne dia seleccion mundial 250 g;1.89
arroz pastas y legumbres;pasta fresca media luna rellena de queso dia seleccion mundial 250 g;1.89
arroz pastas y legumbres;pasta fresca girasoli de burrata y pistacho dia seleccion mundial 250 g;2.79
arroz pastas y legumbres;pasta fresca ravioloni de guanciale y peccorino dia seleccion mundial 250 g;2.79
arroz pastas y legumbres;placas para lasana el pavo 200 g;1.65
arroz pastas y legumbres;noodles de pollo con soja gallina blanca 79 g;1.19
arroz pastas y legumbres;noodles sabor a pollo maggi 71 g;1.08
arroz pastas y legumbres;noodles orientales sabor pollo dia al punto 65 g;0.9
arroz pastas y legumbres;noodles de pollo gallina blanca yatekomo 2 x 60 g;3.05
arroz pastas y legumbres;noodles de arroz dia seleccion mundial 200 g;1.45
arroz pastas y legumbres;fideos sin gluten gallo 450 g;2.49
arroz pastas y legumbres;macarrones rayados sin gluten dia al diante 500 g;1.95
arroz pastas y legumbres;espaguetis sin gluten dia al diante 500 g;2
arroz pastas y legumbres;espirales 100 de lenteja roja dia al diante 250 g;1.65
aceites salsas y especias;salsa de yogur salseo de dia bote 300 ml;1.16
aceites salsas y especias;salsa pesto verde dia al diante frasco 185 g;1.49
aceites salsas y especias;salsa bolonesa dia al diante frasco 300 g;1.2
aceites salsas y especias;tomate frito casero dia vegecampo frasco 350 g;0.99
aceites salsas y especias;aceite refinado de girasol diasol botella 1 l;1.75
aceites salsas y especias;aceite de oliva suave la almazara del olivar de dia botella 1 l;3.85
aceites salsas y especias;aceite de oliva virgen extra la almazara del olivar de dia botella 1 l;4.65
aceites salsas y especias;aceite de oliva virgen extra la almazara del olivar de dia garrafa 3 l;14.55
aceites salsas y especias;aceite refinado de girasol diasol garrafa 5 l;8.45
aceites salsas y especias;vinagre balsamico de modena dia seleccion mundial botella 500 ml;2.35
aceites salsas y especias;crema de vinagre de modena alina tu dia botella 250 ml;1.99
aceites salsas y especias;aderezo de limon alina tu dia botella 50 cl;0.99
aceites salsas y especias;vinagre de vino blanco alina tu dia botella 1 l;0.65
aceites salsas y especias;vinagre de manzana alina tu dia botella 1 l;0.85
aceites salsas y especias;ajo en polvo dia vegecampo frasco 85 g;1
aceites salsas y especias;sazonador barbacoa dia vegecampo frasco 80 g;1.99
aceites salsas y especias;sazonador patatas fritas dia vegecampo frasco 65 g;1.99
aceites salsas y especias;sazonador pollo dia vegecampo frasco 110 g;1.99
aceites salsas y especias;sal marina de mesa fina dia paquete 1 kg;0.4
aceites salsas y especias;mayonesa salseo de dia bote 500 ml;1.59
aceites salsas y especias;salsa de miel y mostaza salseo de dia bote 310 g;1.32
aceites salsas y especias;ketchup salseo de dia bote 560 g;1.08
aceites salsas y especias;mayonesa salseo de dia frasco 450 ml;1.39
aceites salsas y especias;salsa barbacoa salseo de dia bote 360 g;1.15
aceites salsas y especias;tomate frito dia vegecampo frasco 550 g;0.89
aceites salsas y especias;tomate frito dia vegecampo brik 3 x 390 g;1.32
aceites salsas y especias;tomate triturado dia vegecampo lata 800 g;0.98
aceites salsas y especias;tomate triturado dia vegecampo lata 400 g;0.65
aceites salsas y especias;salsa de soja sin gluten dia seleccion mundial frasco 150 ml;1.69
huevos leche y mantequilla;batido alto en proteinas sabor vainilla dia lactea botella 330 ml;0.98
huevos leche y mantequilla;leche semidesnatada central lechera asturiana botella 15 l;1.7
huevos leche y mantequilla;leche condensada dia lactea 450 g;2.6
huevos leche y mantequilla;leche desnatada central lechera asturiana pack 6 x 15 l;9.9
huevos leche y mantequilla;leche semidesnatada dia lactea 1 l;0.88
huevos leche y mantequilla;leche semidesnatada dia lactea pack 6 x 1 l;5.28
huevos leche y mantequilla;leche desnatada dia lactea pack 6 x 1 l;5.04
huevos leche y mantequilla;leche entera dia lactea 1 l;0.97
huevos leche y mantequilla;leche entera dia lactea pack 6 x 1 l;5.82
huevos leche y mantequilla;bebida de avena dia vegedia 1 l;0.95
huevos leche y mantequilla;bebida de almendras 0 azucares dia vegedia 1 l;1.2
huevos leche y mantequilla;bebida de avena 0 azucares dia vegedia 1 l;0.75
huevos leche y mantequilla;bebida de soja 0 azucares dia vegedia 1 l;0.75
huevos leche y mantequilla;bebida de avena barista dia vegedia 1 l;0.99
huevos leche y mantequilla;batido de cacao 90 leche dia lactea 6 x 200 ml;1.75
huevos leche y mantequilla;batido al cacao dia lactea botella 1 l;1.29
huevos leche y mantequilla;batido de fresa dia lactea 6 x 200 ml;1.55
huevos leche y mantequilla;batido de vainilla dia lactea 6 x 200 ml;1.55
huevos leche y mantequilla;batido de chocolate dia lactea 6 x 200 ml;1.55
huevos leche y mantequilla;nata para montar dia lactea 3 x 200 ml;2.25
huevos leche y mantequilla;nata para cocinar dia lactea 3 x 200 ml;1.85
huevos leche y mantequilla;nata para cocinar textura espesa dia lactea 500 ml;1.55
huevos leche y mantequilla;nata montada central lechera asturiana 250 g;2.85
huevos leche y mantequilla;nata montada dia lactea 250 g;1.85
huevos leche y mantequilla;huevos medianos m dia 24 unidades;5.75
huevos leche y mantequilla;huevos medianos m de gallinas criadas en suelo dia 12 unidades;3.1
huevos leche y mantequilla;huevos extragrandes lxl de gallinas criadas en suelo dia 6 unidades;2.2
huevos leche y mantequilla;huevos grandes l de gallinas criadas en suelo dia 12 unidades;3.3
huevos leche y mantequilla;huevos frescos categoria a clase l dia 18 unidades;4.69
huevos leche y mantequilla;mantequilla con sal dia lactea 250 g;2.25
huevos leche y mantequilla;mantequilla sin sal dia lactea 250 g;2.25
huevos leche y mantequilla;margarina ligera diasol 500 g;1.45
huevos leche y mantequilla;margarina vitaminada diasol 500 g;1.5
huevos leche y mantequilla;margarina vitaminada con sal diasol 500 g;1.5
huevos leche y mantequilla;leche semidesnatada sin lactosa dia lactea 1 l;0.96
huevos leche y mantequilla;leche semidesnatada sin lactosa dia lactea pack 6 x 1 l;5.76
huevos leche y mantequilla;leche desnatada sin lactosa dia lactea 1 l;0.93
huevos leche y mantequilla;leche desnatada sin lactosa dia lactea pack 6 x 1 l;5.58
huevos leche y mantequilla;leche entera sin lactosa dia lactea pack 6 x 1 l;6.24
huevos leche y mantequilla;batido alto en proteinas sabor chocolate just loading botella 225 ml;1.65
huevos leche y mantequilla;batido alto en proteinas sabor cookie cream just loading botella 225 ml;1.65
huevos leche y mantequilla;batido alto en proteinas sabor chocolate dia lactea botella 330 ml;0.98
huevos leche y mantequilla;batido alto en proteinas sabor pistacho ehrmann brik 330 ml;1.45
huevos leche y mantequilla;leche evaporada ideal 525 g;2.69
huevos leche y mantequilla;leche evaporada dia lactea 3 x 200 ml;1.69
huevos leche y mantequilla;leche condensada dia lactea 1 kg;3.7
huevos leche y mantequilla;leche condensada la lechera 370 g;2.85
bebe;leche infantil en polvo de continuacion de 6 a 12 meses nativa 800 g;12.95
bebe;bebida lactea con cereales crecimiento y desarrollo puleva 1 l;1.89
bebe;bebida lactea infantil de crecimiento peques 3 puleva 3 x 200 ml;2
bebe;leche crecimiento peques 2 puleva 1 l;1.95
bebe;leche infantil crecimiento con cereales peques 3 puleva 1 l;2.09
bebe;yogur con platano y fresa hero bolsa 100 g;1.19
bebe;champu gold johnson bote 750 ml;4.65
bebe;toallitas para bebes cremosas planeta bebe de dia bolsa 48 unidades;1.2
bebe;papilla liquida 8 cereales con miel nestle caja 2 x 250 ml;2.65
bebe;papilla crema de arroz sin azucares anadidos hero caja 220 g;2.95
bebe;papilla de cereales y galleta nestle caja 475 g;4.15
bebe;papilla de cereales con miel nestle caja 725 g;5.45
bebe;papilla liquida leche y cereales galleta nestle caja 2 x 250 ml;2.65
bebe;leche infantil polvo de continuacion 6 meses nidina 800 g;17.95
bebe;leche infantil crecimiento peques 3 puleva 1 l;1.89
bebe;alimento infantil con pure de manzana pera y platano dia fruticampo bolsa 90 g;0.85
bebe;alimento infantil con pure de pera y manzana dia fruticampo bolsa 90 g;0.85
bebe;alimento infantil con pure de fresa y platano dia fruticampo bolsa 100 g;0.9
bebe;alimento infantil con pure de fruta variada dia fruticampo bolsa 100 g;0.9
bebe;alimento infantil con pure de fruta tropical dia fruticampo bolsa 100 g;0.9
bebe;pure de verduritas con pollo y ternera hero frasco 235 g;1.75
bebe;pure de menestra de verduras con jamon y ternera hero frasco 235 g;1.75
bebe;pure de arroz con pollo hero frasco 235 g;1.75
bebe;pure de manzana pera y melocoton dia fruticampo pack 2 x 130 g;1.75
bebe;pure de frutas con galleta dia fruticampo pack 2 x 130 g;1.75
bebe;panales 8-15 kgs talla 4 planeta bebe de dia bolsa 44 unidades;7.57
bebe;panales 13-20 kgs talla 5 planeta bebe de dia bolsa 40 unidades;7.7
bebe;toallitas humedas planeta bebe de dia bolsa 80 unidades;1.15
bebe;toallitas aqua planeta bebe de dia bolsa 60 unidades;1.8
bebe;gel de bano relajante recambio planeta bebe de dia bolsa 750 ml;1.55
bebe;agua de colonia infantil planeta bebe de dia botella 750 ml;1.75
bebe;aceite corporal para bebe planeta bebe de dia botella 500 ml;2.29
bebe;esponja infantil extrasuave planeta junior de dia bolsa 1 unidad;0.9
bebe;gel y champu infantil 2 en 1 planeta bebe de dia bote 500 ml;1.9
bebe;snack ecologico con fresa y platano smilitos smileat bolsa 25 g;1.49
bebe;pure de manzana y platano nestle pack 4 x 100 g;3.15
bebe;pure de verduritas con merluza hero frasco 235 g;1.75
bebe;pure de guisantes con jamon hero frasco 2 x 190 g;2.99
cafe cacao e infusiones;manzanilla con anis dia teteria 40 unidades;1.75
cafe cacao e infusiones;cacao soluble dia temptation 900 g;3.75
cafe cacao e infusiones;capsulas de cafe con leche dolce gusto 30 unidades;8.55
cafe cacao e infusiones;capsulas de cafe ristretto dia arom'arte 20 unidades;3.89
cafe cacao e infusiones;capsulas de cafe caramelo dia arom'arte 10 unidades;2.39
cafe cacao e infusiones;capsulas de cafe sabor vainilla  macademia dia arom'arte 10 unidades;2.39
cafe cacao e infusiones;capsulas de cafe cocoa  hazelnut dia arom'arte 10 unidades;2.39
cafe cacao e infusiones;capsulas de cafe choco cookies dia arom'arte 10 unidades;2.39
cafe cacao e infusiones;cacao soluble dia temptation 500 g;2.99
cafe cacao e infusiones;cacao soluble colacao 22 kg;16.99
cafe cacao e infusiones;chocolate a la taza en polvo dia temptation 400 g;1.99
cafe cacao e infusiones;cacao soluble colacao 383 g;4.99
cafe cacao e infusiones;infusion dormir dia teteria 25 unidades;1.3
cafe cacao e infusiones;manzanilla dia teteria 25 unidades;0.7
cafe cacao e infusiones;poleo menta dia teteria 25 unidades;0.9
cafe cacao e infusiones;infusion de jengibre con limon dia teteria 25 unidades;1.5
cafe cacao e infusiones;infusion de hinojo dia teteria 25 unidades;1.3
cafe cacao e infusiones;capsulas de cafe cappuccino con aroma a caramelo ubago 16 unidades;3.79
cafe cacao e infusiones;capsulas de cafe capuccino dia cafeteria 12 unidades;3.55
cafe cacao e infusiones;capsulas intenso espresso dia cafeteria 16 unidades;3.55
cafe cacao e infusiones;capsulas de cafe con leche dia cafeteria 16 unidades;3.55
cafe cacao e infusiones;capsulas de cafe lungo dia cafeteria 16 unidades;3.55
cafe cacao e infusiones;capsulas de cafe fuerte gran aroma marcilla 28 unidades;5.75
cafe cacao e infusiones;capsulas de cafe lungo l'or 16 unidades;7.29
cafe cacao e infusiones;capsulas de cafe con leche marcilla 16 unidades;5.89
cafe cacao e infusiones;cafe molido mezcla descafeinado dia cafeteria 250 g;2.99
cafe cacao e infusiones;cafe molido natural descafeinado dia cafeteria 250 g;2.85
cafe cacao e infusiones;cafe molido mezcla dia cafeteria 2 x 250 g;5.69
cafe cacao e infusiones;cafe molido natural dia cafeteria 2 x 250 g;5.49
cafe cacao e infusiones;cafe molido mezcla saimaza 250 g;3.99
cafe cacao e infusiones;cafe soluble descafeinado dia cafeteria 200 g;4.75
cafe cacao e infusiones;cafe soluble clasico dia cafeteria 100 g;2.95
cafe cacao e infusiones;cafe soluble natural nescafe 200 g;8.49
cafe cacao e infusiones;cafe soluble cappuccino sabor caramelo en sobres dia cafeteria 125 g;2.25
cafe cacao e infusiones;cafe soluble clasico dia cafeteria 200 g;4.49
cafe cacao e infusiones;cafe en grano natural dia cafeteria 500 g;5.99
cafe cacao e infusiones;cafe en grano natural marcilla 500 g;11.99
cafe cacao e infusiones;cafe en grano especial ubago 1 kg;12.69
cafe cacao e infusiones;cafe en grano natural la estrella 500 g;8.59
cafe cacao e infusiones;cafe en grano colombia l'or 500 g;15.99
cafe cacao e infusiones;cafe cappuccino dia cafeteria 230 ml;0.99
cafe cacao e infusiones;cafe espresso dia cafeteria 230 ml;0.99
cafe cacao e infusiones;cafe latte macchiato dia cafeteria 230 ml;0.99
cafe cacao e infusiones;cafe con leche puleva 1 l;2.19
cafe cacao e infusiones;bebida lactea de cafe arabica pascual 230 ml;1.49
cafe cacao e infusiones;te negro sabor vainilla y caramelo dia teteria 12 unidades;1.89
cafe cacao e infusiones;te rojo con hinojo y anis dia teteria 25 unidades;1.39
cafe cacao e infusiones;te verde dia teteria 25 unidades;0.99
cafe cacao e infusiones;te verde con hierbabuena dia teteria 25 unidades;1.65
cafe cacao e infusiones;te negro con canela dia teteria 25 unidades;1.4
azucar chocolates y caramelos;mermelada de albaricoque extra dia fruticampo frasco 390 g;1.46
azucar chocolates y caramelos;chocolate negro 74 con cacao caramelizado dia temptation 100 g;1.99
azucar chocolates y caramelos;golosinas gusanos pica marcelo caramelo de dia bolsa 100 g;0.64
azucar chocolates y caramelos;golosinas fresas marcelo caramelo de dia bolsa 200 g;0.82
azucar chocolates y caramelos;azucar blanco azucarera paquete 1 kg;1.07
azucar chocolates y caramelos;edulcorante liquido dia botella 200 ml;1.13
azucar chocolates y caramelos;azucar blanco en sobres dia caja 300 g;1.25
azucar chocolates y caramelos;azucar moreno de cana integral dia bolsa 1 kg;1.89
azucar chocolates y caramelos;azucar blanco dia paquete 1 kg;1
azucar chocolates y caramelos;miel de flores antigoteo mielove de dia frasco 500 g;3.05
azucar chocolates y caramelos;miel de romero mielove de dia frasco 350 g;3.99
azucar chocolates y caramelos;miel de eucalipto mielove de dia frasco 350 g;3.19
azucar chocolates y caramelos;miel de flores mielove de dia frasco 1 kg;4.6
azucar chocolates y caramelos;miel de montana mielove de dia frasco 500 g;4.95
azucar chocolates y caramelos;mermelada de fresa extra dia fruticampo frasco 390 g;1.5
azucar chocolates y caramelos;pina en su jugo en rodajas dia fruticampo lata 3 x 137 g;2.48
azucar chocolates y caramelos;melocoton en almibar en mitades dia fruticampo lata 480 g;2.05
azucar chocolates y caramelos;pina en su jugo en rodajas dia fruticampo lata 490 g;2.1
azucar chocolates y caramelos;bombones ferrero rocher caja 200 g;4.79
azucar chocolates y caramelos;chocolate negro 85 cacao en porciones dia temptation bolsa 176 g;3.34
azucar chocolates y caramelos;chocolate con leche dia temptation 100 g;1
azucar chocolates y caramelos;mini barritas de chocolate con leche dia temptation caja 50 g;0.85
azucar chocolates y caramelos;chocolate con pistacho estilo dubai dia temptation 150 g;4.49
azucar chocolates y caramelos;golosinas besitos de fresa marcelo caramelo de dia bolsa 100 g;0.85
azucar chocolates y caramelos;golosinas botellas de cola marcelo caramelo de dia bolsa 100 g;0.85
azucar chocolates y caramelos;golosinas ositos pica marcelo caramelo de dia bolsa 200 g;1.09
azucar chocolates y caramelos;golosinas lagrimones marcelo caramelo de dia bolsa 200 g;1.09
azucar chocolates y caramelos;regaliz rueda rojo marcelo caramelo de dia bolsa 225 g;1.15
azucar chocolates y caramelos;preparado de tortitas americanas mary lee bolsa 156 g;1.75
azucar chocolates y caramelos;sirope de fresa delimagic de dia botella 295 g;1.79
azucar chocolates y caramelos;sirope de chocolate delimagic de dia botella 295 g;1.79
azucar chocolates y caramelos;perlitas de chocolate dr oetker bolsa 100 g;3.59
azucar chocolates y caramelos;preparado para flanes y natillas flanin caja 192 g;1.99
azucar chocolates y caramelos;chocolate mints dia temptation caja 165 g;2.39
azucar chocolates y caramelos;trufas al cacao puro lacasa caja 85 g;1.25
azucar chocolates y caramelos;huevos de chocolate con sorpresa 3 unidades kinder caja 60 g;3.99
azucar chocolates y caramelos;crema de cacao y leche de avellanas duo nocilla bote 360 g;3.99
azucar chocolates y caramelos;crema al cacao dia temptation bote 400 g;1.89
azucar chocolates y caramelos;crema al cacao duo dia temptation bote 400 g;1.89
azucar chocolates y caramelos;crema de avellanas y cacao dia temptation frasco 380 g;2.33
azucar chocolates y caramelos;crema de cacao con avellanas nutella bote 350 g;3.99
navidad;mini panettone con pepitas de chocolate el molino de dia bolsa 100 g;0.89
galletas bollos y cereales;brownies de chocolate el molino de dia bolsa 200 g;1.89
galletas bollos y cereales;magdalenas clasicas el molino de dia bolsa 515 g;1.49
galletas bollos y cereales;barritas de cereales con chocolate con leche gran dia caja 150 g;1.79
galletas bollos y cereales;sobaos el molino de dia bolsa 350 g;1.39
galletas bollos y cereales;galletas relieve galleteca de dia caja 735 g;1.59
galletas bollos y cereales;galletas dorada maria galleteca de dia paquete 800 g;1.39
galletas bollos y cereales;galletas cubiertas de chocolate con leche galleteca de dia caja 150 g;1.4
galletas bollos y cereales;mini galletas con pepitas de chocolate galleteca de dia caja 160 g;1.4
galletas bollos y cereales;galletas rellenas de crema de chocolate galleteca de dia paquete 500 g;1.3
galletas bollos y cereales;galletas saladas snack maniac de dia bolsa 200 g;0.95
galletas bollos y cereales;mix de galletas saladas snack maniac de dia bote 350 g;1.29
galletas bollos y cereales;salmas clasicas zenissimo caja 144 g;2.59
galletas bollos y cereales;galletas saladas con quinoa y chia gullon bote 250 g;1.99
galletas bollos y cereales;crackers tuc bolsa 100 g;1.4
galletas bollos y cereales;rosquillas glaseadas el molino de dia caja 208 g;1.4
galletas bollos y cereales;croissants el molino de dia bolsa 390 g;1.68
galletas bollos y cereales;croissants rellenos de cacao y avellanas el molino de dia bolsa 315 g;1.64
galletas bollos y cereales;pan de leche el molino de dia bolsa 350 g;1.09
galletas bollos y cereales;cereales rellenos de leche gran dia caja 500 g;2.39
galletas bollos y cereales;barritas de cereales con chocolate blanco y frutos rojos gran dia caja 138 g;1.79
galletas bollos y cereales;barritas de cereales con platano sin azucares anadidos gran dia caja 150 g;1.59
galletas bollos y cereales;barritas de frutos secos con chocolate y sal gran dia caja 90 g;1.79
galletas bollos y cereales;barritas de avena y pasas con zanahoria y naranja gran dia caja 138 g;1.59
galletas bollos y cereales;mini tortitas de maiz y arroz sabor jamon dia naturmundo bolsa 75 g;1.39
galletas bollos y cereales;mini tortitas de maiz y arroz sabor queso dia naturmundo bolsa 75 g;1.39
galletas bollos y cereales;tortitas de arroz integral con chocolate blanco dia naturmundo bolsa 130 g;1.99
galletas bollos y cereales;tortitas de maiz dia naturmundo bolsa 130 g;1.29
galletas bollos y cereales;tortitas de arroz integral con chocolate negro dia naturmundo bolsa 130 g;1.95
galletas bollos y cereales;magdalenas sin gluten el molino de dia bolsa 160 g;1.79
galletas bollos y cereales;bocadito marmolado sin gluten el molino de dia bolsa 120 g;1.79
galletas bollos y cereales;galletas sabor mantequilla sin gluten galleteca de dia bolsa 120 g;1.59
galletas bollos y cereales;galletas maria con chocolate sin gluten galleteca de dia paquete 200 g;1.75
panaderia;pan de hamburguesa maxi el molino de dia 300 g;0.68
panaderia;tortillas de trigo integral dia al punto 320 g;1.38
panaderia;picos de pan el molino de dia 250 g;0.59
panaderia;picos integrales el molino de dia 250 g;0.59
panaderia;pan de sandwich con cereales y semillas el molino de dia 310 g;1.49
panaderia;pan de molde trigo integral el molino de dia 820 g;1.29
panaderia;pan de molde natural especial tostadas el molino de dia 460 g;1.09
panaderia;pan de molde blanco sin corteza el molino de dia 450 g;1.13
panaderia;pan de molde formato familiar el molino de dia 820 g;1.18
panaderia;pan de picos el molino de dia 260 g;0.69
panaderia;chapata el molino de dia 300 g;0.69
panaderia;pan de centeno de masa madre el molino de dia 450 g;0.89
panaderia;hogaza el molino de dia 350 g;0.99
panaderia;barra de pan diana el molino de dia 250 g;0.5
panaderia;coctel de picos el molino de dia 250 g;1.19
panaderia;picos rusticos con aceite de oliva el molino de dia 130 g;1.29
panaderia;reganas el molino de dia 250 g;0.99
panaderia;pan de pipas dia naturmundo 90 g;0.79
panaderia;biscotes el molino de dia 540 g;1.79
panaderia;biscotes integrales el molino de dia 540 g;1.89
panaderia;pan rallado onena 750 g;0.94
panaderia;pan rallado con ajo y perejil onena 500 g;0.99
panaderia;pan de hamburguesa brioche el molino de dia 300 g;1.69
panaderia;pan de hamburguesa brioche st pierre 250 g;2.99
panaderia;pan hot dog el molino de dia 220 g;0.6
panaderia;pan hot dog rustico el molino de dia 220 g;0.89
panaderia;tortillas de trigo dia al punto 320 g;1.02
panaderia;pan de pita precocido star 400 g;1.79
panaderia;tortillas de trigo maxi dia al punto 360 g;1.5
panaderia;tortillas de trigo old el paso 244 g;2.22
panaderia;preparado para hornear en polvo dia delimagic 90 g;0.69
panaderia;harina de fuerza el molino de dia 1 kg;0.95
panaderia;levadura fresca levanova 2 x 25 g;0.49
panaderia;harina de reposteria el molino de dia 1 kg;1.05
panaderia;harina de trigo el molino de dia 1 kg;0.72
panaderia;masa de hojaldre dia al punto bolsa 230 g;1.19
panaderia;masa fina para pizza dia al punto bolsa 260 g;1.15
panaderia;masa para empanada cerelia bolsa 280 g;1.39
panaderia;masa gruesa para empanadillas estilo argentino buitoni bolsa 350 g;2.29
panaderia;masa para empanadillas y postres buitoni bolsa 160 g;1.15
panaderia;biscotes sin gluten proceli 150 g;3.29
panaderia;pan de molde con semillas sin gluten el molino de dia 280 g;1.88
panaderia;picos de pan sin gluten el molino de dia 100 g;1.39
panaderia;chapata sin gluten el molino de dia 120 g;1.55
panaderia;pan de hamburguesa sin gluten el molino de dia 170 g;1.88
panaderia;grissinis finos dia seleccion mundial 250 g;1.78
panaderia;harina de maiz maizena 400 g;2.99
panaderia;pan de molde sin gluten el molino de dia 280 g;1.53
panaderia;harina de maiz blanco pan 1 kg;2.49
panaderia;harina mix sin gluten gallo 500 g;3.1
panaderia;harina de garbanzos el molino de dia 500 g;1.99
yogures y postres;yogur de stracciatella alto en proteinas dia lactea pack 4 x 120 g;1.19
yogures y postres;natillas sabor vainilla alta en proteinas dia lactea pack 4 x 125 g;1.43
yogures y postres;bifidus con fresa doble 0 dia pack 4 x 125 g;1.29
yogures y postres;mousse de chocolate con leche dia caprichoso pack 4 x 60 g;1.15
yogures y postres;bifidus con mango dia pack 4 x 125 g;1.29
yogures y postres;bifidus con nueces y cereales doble 0 dia pack 4 x 125 g;1.29
yogures y postres;bifidus con kiwi y ciruela doble 0 dia pack 4 x 125 g;1.29
yogures y postres;bifidus con pina y coco doble 0 dia pack 4 x 125 g;1.29
yogures y postres;bebida lactea de fresa 0 azucares anadidos diacol pack 6 x 100 g;1.89
yogures y postres;yogur natural desnatado edulcorado dia lactea pack 6 x 125 g;0.99
yogures y postres;yogur natural dia lactea pack 8 x 125 g;1.33
yogures y postres;yogur natural con azucar de cana dia lactea pack 8 x 125 g;1.39
yogures y postres;postre lacteo natural alto en proteina dia lactea pack 4 x 120 g;1.45
yogures y postres;yogur natural de cabra dia lactea pack 2 x 125 g;1.59
yogures y postres;yogur sabores dia lactea pack 16 x 125 g;2.4
yogures y postres;yogur con frutas dia lactea pack 8 x 125 g;1.99
yogures y postres;yogur sabor galleta dia lactea pack 4 x 125 g;0.79
yogures y postres;yogur sabor coco dia lactea pack 4 x 125 g;0.79
yogures y postres;yogur sabor limon dia lactea pack 4 x 125 g;0.79
yogures y postres;yogur griego natural dia fidias pack 6 x 125 g;1.55
yogures y postres;yogur griego con fresa dia fidias pack 6 x 125 g;1.7
yogures y postres;yogur griego dia fidias vaso 1 kg;2.29
yogures y postres;yogur griego stracciatella dia fidias pack 6 x 125 g;1.9
yogures y postres;yogur griego natural con azucar de cana dia fidias pack 6 x 125 g;1.59
yogures y postres;petit de fresa liquido dia lactea pack 4 x 80 g;1.95
yogures y postres;petit de fresa dia lactea pack 6 x 50 g;0.99
yogures y postres;petit de fresa y platano dia lactea pack 6 x 50 g;0.99
yogures y postres;bebida de fresa dia lactea pack 12 x 100 g;2
yogures y postres;petit de chocolate nesquik pack 6 x 60 g;1.85
yogures y postres;kefir dia lactea botella 500 g;1.55
yogures y postres;kefir cremoso suave dia lactea vaso 250 g;1.19
yogures y postres;kefir de fresa y granada kaiku tarrina 350 g;1.99
yogures y postres;kefir natural desnatado dia lactea pack 4 x 180 g;1.89
yogures y postres;kefir con arandanos dia lactea pack 4 x 125 g;1.75
yogures y postres;copa de chocolate y nata dia caprichoso pack 4 x 115 g;1.39
yogures y postres;copa de vainilla con caramelo y nata dia caprichoso pack 4 x 115 g;1.39
yogures y postres;tarta de queso dia caprichoso tarrina 250 g;2.75
yogures y postres;mousse de chocolate con pistacho estilo dubai dia caprichoso pack 2 x 70 g;1.99
yogures y postres;flan de vainilla dia caprichoso pack 6 x 100 g;1.15
yogures y postres;natillas sabor vainilla dia caprichoso pack 4 x 125 g;1.05
yogures y postres;natillas de chocolate dia caprichoso pack 4 x 125 g;1.05
yogures y postres;flan de queso dia caprichoso pack 2 x 100 g;1.09
yogures y postres;arroz con leche dia caprichoso pack 4 x 125 g;1.3
yogures y postres;gelatina sabor fresa sin azucar royal pack 4 x 90 g;1.78
yogures y postres;gelatina de fresa dia caprichoso pack 6 x 100 g;0.99
yogures y postres;gelatina de fresa limon y multifruta dia caprichoso pack 6 x 100 g;0.99
yogures y postres;gelatina de arandanos royal pack 4 x 90 g;1.78
yogures y postres;cuajada dia caprichoso pack 4 x 125 g;1.25
yogures y postres;flan de huevo alto en proteinas dia lactea pack 4 x 100 g;1.99
yogures y postres;l-casei fresa-platano y coco-pina dia pack 12 x 100 g;2.25
yogures y postres;l-casei fresa dia pack 12 x 100 g;2.25
yogures y postres;yogur liquido sabor fresa y platano dia lactea botella 1 kg;1.49
yogures y postres;alimento infantil con pure platano fresa y manzana hero bolsa 100 g;1.19
patatas fritas encurtidos y frutos secos;pepinillos sabor anchoa dia vegecampo frasco 180 g;1.29
patatas fritas encurtidos y frutos secos;patatas fritas sabor campesina lay's bolsa 150 g;1.99
patatas fritas encurtidos y frutos secos;coctel de encurtidos dia vegecampo frasco 400 g;2.79
patatas fritas encurtidos y frutos secos;patatas fritas santa ana bolsa 140 g;1.25
patatas fritas encurtidos y frutos secos;pasas sultanas sin pepitas dia naturmundo bolsa 200 g;1.49
patatas fritas encurtidos y frutos secos;arandanos rojos deshidratados dia naturmundo bolsa 150 g;1.73
patatas fritas encurtidos y frutos secos;mix de frutas deshidratadas dia naturmundo bolsa 200 g;1.9
patatas fritas encurtidos y frutos secos;mango deshidratado dia naturmundo bolsa 90 g;2.1
patatas fritas encurtidos y frutos secos;pina deshidratada dia naturmundo bolsa 80 g;2.1
patatas fritas encurtidos y frutos secos;aceitunas negras sin hueso dia vegecampo lata 150 g;1.05
patatas fritas encurtidos y frutos secos;aceitunas chupadedos con hueso dia vegecampo frasco 410 g;2.32
patatas fritas encurtidos y frutos secos;aceitunas rellenas de anchoa dia vegecampo lata 150 g;1.19
patatas fritas encurtidos y frutos secos;aceitunas rellenas de anchoa dia vegecampo lata 3 x 50 g;1.75
patatas fritas encurtidos y frutos secos;nueces sin cascara al natural dia naturmundo bolsa 200 g;2.75
patatas fritas encurtidos y frutos secos;anacardos al natural dia naturmundo bolsa 200 g;2.79
patatas fritas encurtidos y frutos secos;mix de frutos secos sabor chili snack maniac de dia bolsa 200 g;1.45
patatas fritas encurtidos y frutos secos;maiz frito gigante snack maniac de dia bolsa 150 g;1.45
patatas fritas encurtidos y frutos secos;mix de frutos secos tostados sin sal anadida dia naturmundo bolsa 150 g;2.95
patatas fritas encurtidos y frutos secos;torzitos sabor queso snack maniac de dia bolsa 120 g;0.75
patatas fritas encurtidos y frutos secos;patatas artesanas a la sarten snack maniac de dia bolsa 2 x 150 g;1.9
patatas fritas encurtidos y frutos secos;snack de lenteja sabor aceituna negra y especias dia naturmundo bolsa 95 g;1.35
patatas fritas encurtidos y frutos secos;snack de patata sabor original snack maniac de dia bote 170 g;1.85
patatas fritas encurtidos y frutos secos;patatas fritas extraonduladas sabor york-queso snack maniac de dia bolsa 150 g;1.45
agua refrescos y zumos;refresco de cola zero azucar zero cafeina coca-cola botella 2 l;2.15
agua refrescos y zumos;bebida de zumo de frutas con leche mediterraneo saborfera de dia brik 1 l;0.95
agua refrescos y zumos;refresco de cola zero azucar coca-cola botella 2 l;2.15
agua refrescos y zumos;refresco de cola sabor original coca-cola botella 2 l;2.15
agua refrescos y zumos;agua mineral natural dia botella 15 l;0.25
agua refrescos y zumos;agua mineral natural dia garrafa 5 l;0.66
agua refrescos y zumos;agua con gas vitaminada puro exorcismo lata 50 cl;1
agua refrescos y zumos;agua mineral natural dia botella 50 cl;0.24
agua refrescos y zumos;agua mineral natural aquarel pack 6 x 15 l;3.72
agua refrescos y zumos;refresco de cola hola cola de dia pack 4 x 2 l;3.16
agua refrescos y zumos;refresco de cola zero hola cola de dia pack 12 x 33 cl;4.2
agua refrescos y zumos;refresco de cola zero hola cola de dia pack 4 x 2 l;3.16
agua refrescos y zumos;refresco de cola zero azucar coca-cola botella 2 x 2 l;4.19
agua refrescos y zumos;refresco de limon 6 zumo con gas upss dia botella 15 l;0.75
agua refrescos y zumos;refresco de limon 6 zumo con gas zero upss dia botella 15 l;0.75
agua refrescos y zumos;refresco de lima limon zero upss dia botella 15 l;0.75
agua refrescos y zumos;refresco de limon zero upss dia lata 33 cl;0.37
agua refrescos y zumos;refresco de limon fanta botella 2 l;1.85
agua refrescos y zumos;bitter bobby bitter de dia lata 25 cl;0.49
agua refrescos y zumos;refresco sin gas de manzana upss dia botella 15 l;1.15
agua refrescos y zumos;refresco sin gas de naranja y zanahoria upss dia botella 15 l;1.19
agua refrescos y zumos;refresco en polvo sabor tropical tang bolsa 30 g;0.87
agua refrescos y zumos;refresco en polvo sabor naranja tang bolsa 30 g;0.87
agua refrescos y zumos;refresco de te limon sabor original sin azucar fuze tea botella 15 l;1.99
agua refrescos y zumos;refresco de te verde maracuya fuze tea lata 33 cl;0.99
agua refrescos y zumos;refresco de te al melocoton zero upss dia botella 15 l;0.99
agua refrescos y zumos;refresco de te al limon upss dia botella 15 l;0.99
agua refrescos y zumos;refresco de te al limon zero upss dia botella 15 l;0.99
agua refrescos y zumos;tonica toni tonico de dia botella 15 l;0.9
agua refrescos y zumos;tonica toni tonico de dia lata 25 cl;0.29
agua refrescos y zumos;tonica zero toni tonico de dia lata 25 cl;0.29
agua refrescos y zumos;tonica zero schweppes lata 33 cl;0.99
agua refrescos y zumos;tonica schweppes botella 1 l;1.93
agua refrescos y zumos;zumo de pina manzana y uva 100 saborfera de dia brik 6 x 200 ml;1.49
agua refrescos y zumos;bebida de zumo de frutas con leche tropical saborfera de dia brik 6 x 200 ml;1.2
agua refrescos y zumos;bebida de zumo tropical sin azucares anadidos saborfera de dia brik 1 l;0.9
agua refrescos y zumos;bebida de zumo de pina sin azucares anadidos saborfera de dia brik 1 l;1.05
agua refrescos y zumos;smoothie detoxificante dia naturmundo bolsa 150 ml;1.75
agua refrescos y zumos;bebida refrescante aromatizada citrico get move de dia botella 15 l;0.99
agua refrescos y zumos;bebida refrescante aromatizada naranja get move de dia botella 15 l;0.99
agua refrescos y zumos;bebida refrescante de limon aquarius botella 2 x 15 l;4
agua refrescos y zumos;bebida refrescante aromatizada citrico zero get move de dia botella 15 l;0.99
agua refrescos y zumos;bebida refrescante de limon aquarius botella 15 l;2.09
agua refrescos y zumos;gaseosa la casera botella 15 l;1.25
agua refrescos y zumos;gaseosa cero gaseosa dia botella 15 l;0.5
agua refrescos y zumos;gaseosa cero gaseosa dia botella 50 cl;0.32
agua refrescos y zumos;gaseosa la casera botella 50 cl;0.86
agua refrescos y zumos;gaseosa geiser botella 15 l;1.75
agua refrescos y zumos;refresco de naranja zero upss dia lata 33 cl;0.37
agua refrescos y zumos;refresco de naranja upss dia botella 15 l;0.75
agua refrescos y zumos;refresco de naranja 8 zumo con gas zero  upss dia botella 15 l;0.75
agua refrescos y zumos;refresco de naranja upss dia lata 33 cl;0.37
agua refrescos y zumos;refresco de naranja fanta botella 2 x 2 l;3.6
agua refrescos y zumos;bebida energetica green monster energy lata 500 ml;1.45
agua refrescos y zumos;bebida energetica ultra white monster energy lata 500 ml;1.45
agua refrescos y zumos;bebida energetica zero citrica el diablo de dia lata 500 ml;0.99
agua refrescos y zumos;bebida energetica el diablo de dia lata 250 ml;0.4
agua refrescos y zumos;bebida energetica zero el diablo de dia lata 250 ml;0.4
cervezas vinos y bebidas con alcohol;vino blanco verdejo frizzante condominium botella 75 cl;2.03
cervezas vinos y bebidas con alcohol;cerveza rubia dorada el aguila lata 33 cl;0.6
cervezas vinos y bebidas con alcohol;vino tinto roble do ribera del duero heredad baran botella 75 cl;4.95
cervezas vinos y bebidas con alcohol;cerveza reserva especial xs 1906 botella 6 x 20 cl;4.49
cervezas vinos y bebidas con alcohol;cerveza clasica  ramblers de dia lata 24 x 33 cl;7.49
cervezas vinos y bebidas con alcohol;cerveza clasica ramblers de dia lata 33 cl;0.32
cervezas vinos y bebidas con alcohol;cerveza clasica ramblers de dia pack 12 x 33 cl;3.84
cervezas vinos y bebidas con alcohol;cerveza especial ramblers de dia lata 33 cl;0.35
cervezas vinos y bebidas con alcohol;cerveza especial estrella galicia lata 10 x 33 cl;8.79
cervezas vinos y bebidas con alcohol;cerveza rubia original desperados botella 33 cl;1.36
cervezas vinos y bebidas con alcohol;cerveza especial estrella galicia botella 6 x 20 cl;3.6
cervezas vinos y bebidas con alcohol;cerveza doble malta voll damm lata 33 cl;0.99
cervezas vinos y bebidas con alcohol;cerveza tostada ramblers de dia pack 6 x 33 cl;3
cervezas vinos y bebidas con alcohol;cerveza de trigo weissbier ramblers de dia lata 50 cl;0.69
cervezas vinos y bebidas con alcohol;cerveza 00 alcohol heineken lata 33 cl;0.85
cervezas vinos y bebidas con alcohol;cerveza tostada 00 alcohol mahou lata 33 cl;0.89
cervezas vinos y bebidas con alcohol;cerveza tostada 00 alcohol ramblers de dia pack 12 x 33 cl;5.4
cervezas vinos y bebidas con alcohol;cerveza 00 alcohol ramblers de dia lata 33 cl;0.36
cervezas vinos y bebidas con alcohol;cerveza 00 alcohol ramblers de dia pack 12 x 33 cl;4.32
cervezas vinos y bebidas con alcohol;tinto de verano con limon don simon botella 15 l;1.72
cervezas vinos y bebidas con alcohol;tinto de verano sin alcohol con limon fiesta del dia botella 15 l;0.9
cervezas vinos y bebidas con alcohol;tinto de verano clasico fiesta del dia botella 15 l;1.25
cervezas vinos y bebidas con alcohol;tinto de verano con limon la casera botella 15 l;2.45
cervezas vinos y bebidas con alcohol;tinto de verano con limon fiesta del dia botella 15 l;1
cervezas vinos y bebidas con alcohol;vino tinto castillo de velasco brik 1 l;1.2
cervezas vinos y bebidas con alcohol;vino tinto do rioja senorio de ondas botella 75 cl;2.04
cervezas vinos y bebidas con alcohol;vino tinto crianza do castilla la mancha ribera de algodor botella 75 cl;1.7
cervezas vinos y bebidas con alcohol;vino tinto cabernet sauvignon igp senorio de ayerbe botella 75 cl;2.21
cervezas vinos y bebidas con alcohol;vino blanco castillo de velasco brik 1 l;1
cervezas vinos y bebidas con alcohol;vino blanco don simon brik 3 x 187 ml;1.75
cervezas vinos y bebidas con alcohol;vino blanco suave y afrutado oceanus botella 75 cl;2.1
cervezas vinos y bebidas con alcohol;vino blanco verdejo viura do rueda vega del baron botella 75 cl;2.79
cervezas vinos y bebidas con alcohol;vino blanco semidulce gewurztraminer luminis botella 75 cl;2.79
cervezas vinos y bebidas con alcohol;cava brut nature jaume serra botella 75 cl;3.95
cervezas vinos y bebidas con alcohol;vino frizzante moscato rosado 55 condominium botella 75 cl;2.99
cervezas vinos y bebidas con alcohol;sidra espumosa sidrallero botella 75 cl;1.6
cervezas vinos y bebidas con alcohol;cava semiseco grand astoria botella 75 cl;3.2
cervezas vinos y bebidas con alcohol;vino rosado do navarra vina ardanche botella 75 cl;2.19
cervezas vinos y bebidas con alcohol;vino rosado lambrusco flaminia botella 75 cl;2.99
cervezas vinos y bebidas con alcohol;vino rosado do valdepenas vina danza botella 75 cl;1.69
cervezas vinos y bebidas con alcohol;vino rosado de aguja penascal botella 75 cl;3.95
cervezas vinos y bebidas con alcohol;vino rosado lambrusco dante botella 75 cl;2.15
cervezas vinos y bebidas con alcohol;ginebra premium larios 12 botella 70 cl;14.79
cervezas vinos y bebidas con alcohol;ginebra larios botella 1 l;12.19
cervezas vinos y bebidas con alcohol;ginebra sabor fresa barmon's botella 70 cl;7.15
cervezas vinos y bebidas con alcohol;vodka cinco destilaciones mikanoff botella 1 l;7.49
cervezas vinos y bebidas con alcohol;ginebra london dry beefeater botella 70 cl;14.25
cervezas vinos y bebidas con alcohol;brandy 5 solera reserva torres botella 70 cl;10.5
cervezas vinos y bebidas con alcohol;brandy veterano botella 1 l;9.49
cervezas vinos y bebidas con alcohol;bebida espirituosa tipo brandy gladiador botella 1 l;5.99
cervezas vinos y bebidas con alcohol;brandy de jerez solera reserva magno botella 70 cl;12.59
cervezas vinos y bebidas con alcohol;brandy terry centenario botella 70 cl;6.99
cervezas vinos y bebidas con alcohol;vermouth blanco alvini botella 1 l;2.79
cervezas vinos y bebidas con alcohol;vermouth rosso alvini botella 1 l;2.79
cervezas vinos y bebidas con alcohol;vermouth rojo yzaguirre botella 1 l;8.39
cervezas vinos y bebidas con alcohol;vermouth reserva topaz botella 75 cl;3.49
cervezas vinos y bebidas con alcohol;vermut rojo ardanche botella 75 cl;2.99
cervezas vinos y bebidas con alcohol;ron anejo barcelo botella 70 cl;15.45
cervezas vinos y bebidas con alcohol;whisky burned barrel botella 70 cl;5.99
cervezas vinos y bebidas con alcohol;ron anejo velero botella 70 cl;5.99
cervezas vinos y bebidas con alcohol;ron anejo negrita botella 50 cl;7.19
cervezas vinos y bebidas con alcohol;whisky ballantines botella 70 cl;13.95
cervezas vinos y bebidas con alcohol;licor de crema de orujo 17 mourama botella 70 cl;6.49
cervezas vinos y bebidas con alcohol;licor de limoncello 25 alvini botella 50 cl;4.9
cervezas vinos y bebidas con alcohol;licor de crema de chocolate anderson botella 70 cl;6.95
cervezas vinos y bebidas con alcohol;licor de crema de fresas quetzalina botella 70 cl;6.99
cervezas vinos y bebidas con alcohol;licor de crema de mango quetzalina botella 70 cl;6.99
cervezas vinos y bebidas con alcohol;cerveza radler con limon amstel lata 33 cl;0.69
cervezas vinos y bebidas con alcohol;cerveza radler con zumo de limon ramblers de dia lata 33 cl;0.41
cervezas vinos y bebidas con alcohol;cerveza radler con zumo de limon ramblers de dia pack 12 x 33 cl;4.92
cervezas vinos y bebidas con alcohol;cerveza sabor limon shandy sin alcohol ramblers de dia lata 33 cl;0.35
cervezas vinos y bebidas con alcohol;cerveza sabor limon shandy sin alcohol ramblers de dia pack 12 x 33 cl;4.2
cervezas vinos y bebidas con alcohol;cerveza especial sin gluten ambar botella 33 cl;1.29
cervezas vinos y bebidas con alcohol;cerveza sin gluten mahou lata 33 cl;0.86
cervezas vinos y bebidas con alcohol;cerveza especial sin gluten ramblers de dia lata 33 cl;0.49
cervezas vinos y bebidas con alcohol;cerveza especial sin gluten ramblers de dia pack 6 x 33 cl;2.94
cervezas vinos y bebidas con alcohol;cerveza tostada 00 alcohol sin gluten mahou lata 33 cl;0.86
perfumeria higiene salud;pasta de dientes colgate total prevencion activa blanqueadora tubo 75 ml;2.99
perfumeria higiene salud;gel de ducha hidratante de almendras y miel imaqe de dia botella 750 ml;1.49
perfumeria higiene salud;enjuague bucal proteccion dientes y encias  imaqe de dia botella 500 ml;1.35
perfumeria higiene salud;pasta de dientes proteccion total imaqe de dia tubo 75 ml;1.35
perfumeria higiene salud;champu hidratante intenso profesional imaqe de dia botella 750 ml;1.99
perfumeria higiene salud;champu anticaspa dos en uno clasico hs botella 250 ml;3.49
perfumeria higiene salud;champu fortificante con extracto cebolla imaqe de dia botella 380 ml;2.95
perfumeria higiene salud;champu y acondicionador anticaspa 2 en 1 imaqe de dia botella 380 ml;2.85
perfumeria higiene salud;champu anticaspa mentol imaqe de dia botella 380 ml;2.85
perfumeria higiene salud;crema suavizante repair 5 cabello danado elvive bote 250 ml;3.29
perfumeria higiene salud;mascarilla hidratante de platano fruit revolution imaqe de dia bote 300 ml;2.89
perfumeria higiene salud;aceite de argan para pelo seco y danado imaqe de dia spray 100 ml;4.45
perfumeria higiene salud;mascarilla para pelo rizado metodo curly imaqe de dia bote 300 ml;3.99
perfumeria higiene salud;mascarilla ultra hidratante imaqe de dia bote 300 ml;3.6
perfumeria higiene salud;espuma rizos definidos pantene spray 200 ml;3.79
perfumeria higiene salud;laca clasica formato viaje nelly spray 75 ml;1.29
perfumeria higiene salud;crema activadora de rizos metodo curly imaqe de dia tubo 200 ml;2.99
perfumeria higiene salud;espuma fijadora rizos perfectos imaqe de dia spray 300 ml;2.3
perfumeria higiene salud;espuma fijadora extrafuerte imaqe de dia spray 300 ml;2.2
perfumeria higiene salud;tinte castano oscuro n 365 palette caja 1 unidad;4.69
perfumeria higiene salud;tinte pelo permanente color negro n 10 imaqe de dia caja 1 unidad;3.85
perfumeria higiene salud;tinte pelo permanente color castano oscuro n 30 imaqe de dia caja 1 unidad;3.85
perfumeria higiene salud;tinte pelo permanente color rubio medio n 70 imaqe de dia caja 1 unidad;3.85
perfumeria higiene salud;tinte pelo permanente color chocolate n 593 imaqe de dia caja 1 unidad;3.85
perfumeria higiene salud;toallitas desmaquillantes para pieles sensibles con extractos de rosas imaqe de dia bolsa 30 unidades;1.29
perfumeria higiene salud;crema multiusos para hombres imaqe de dia bote 100 ml;2.39
perfumeria higiene salud;agua micelar natural vitamina c ecocert imaqe de dia bote 200 ml;3.55
perfumeria higiene salud;contorno de ojos vitamina c ecocert imaqe de dia tubo 15 ml;3.99
perfumeria higiene salud;serum facial niacinamida imaqe de dia frasco 30 ml;4.5
perfumeria higiene salud;maquinilla de afeitar desechable gillette blue ii bolsa 12 unidades;5.99
perfumeria higiene salud;maquinilla de afeitar 3 hojas imaqe de dia bolsa 4 unidades;2.55
perfumeria higiene salud;maquinilla de afeitar 2 hojas imaqe de dia bolsa 20 unidades;2.65
perfumeria higiene salud;gel de afeitar imaqe de dia spray 200 ml;1.95
perfumeria higiene salud;espuma de afeitar imaqe de dia spray 250 ml;1.95
perfumeria higiene salud;pasta de dientes blanqueadora colgate max white one tubo 75 ml;2.45
perfumeria higiene salud;cepillo de dientes medio imaqe de dia blister 3 unidades;1
perfumeria higiene salud;pasta de dientes colgate triple action tubo 100 ml;1.95
perfumeria higiene salud;body milk nutritivo cuidado intensivo piel secamuy seca nivea botella 400 ml;4.99
perfumeria higiene salud;body milk hidratante aloe vera y acido hialuronico imaqe de dia botella 400 ml;1.99
perfumeria higiene salud;body milk nutritivo almendras y prebioticos  imaqe de dia botella 400 ml;1.99
perfumeria higiene salud;crema corporal nutritiva oliva y peptidos imaqe de dia bote 250 ml;1.85
perfumeria higiene salud;crema de manos reparadora concentrada imaqe de dia tubo 75 ml;1.3
perfumeria higiene salud;desodorante antitranspirante con extracto de rosa mosqueta imaqe de dia spray 200 ml;1.95
perfumeria higiene salud;desodorante roll-on antitranspirante con extracto de rosa mosqueta imaqe de dia bote 50 ml;0.9
perfumeria higiene salud;desodorante roll-on para pieles atopicas imaqe de dia bote 50 ml;0.9
perfumeria higiene salud;desodorante roll-on advanced care original dove bote 50 ml;2.49
perfumeria higiene salud;desodorante hombre invisible antimanchas imaqe de dia spray 150 ml;1.8
perfumeria higiene salud;agua fresca de flor de naranjo alvarez gomez spray 300 ml;2.95
perfumeria higiene salud;colonia caramelo mini flor de mayo frasco 25 ml;1.7
perfumeria higiene salud;agua de colonia fragancia original nenuco botella 650 ml;3.99
perfumeria higiene salud;agua de colonia familiar fresh imaqe de dia botella 750 ml;1.95
perfumeria higiene salud;colonia coconut paradise imaqe de dia frasco 98 ml;3.99
perfumeria higiene salud;jabon de manos de almendra y miel imaqe de dia bote 500 ml;1.39
perfumeria higiene salud;jabon de manos con glicerina imaqe de dia bote 500 ml;1.45
perfumeria higiene salud;recambio jabon de manos almendra y miel imaqe de dia bolsa 500 ml;0.99
perfumeria higiene salud;recambio jabon de manos de aloe vera imaqe de dia bolsa 500 ml;0.85
perfumeria higiene salud;jabon de manos de aloe vera imaqe de dia bote 500 ml;1.05
perfumeria higiene salud;compresas ultrafinas normal con alas esos dias bolsa 16 unidades;1.49
perfumeria higiene salud;compresas ultrafinas super con alas esos dias bolsa 14 unidades;1.49
perfumeria higiene salud;compresas ultrafina noche con alas esos dias bolsa 10 unidades;1.49
perfumeria higiene salud;protegeslips clasico esos dias caja 40 unidades;0.99
perfumeria higiene salud;tampon con aplicador compact super esos dias caja 20 unidades;2.55
perfumeria higiene salud;colageno hidrolizado y magnesio vivisima lata 250 g;5.29
perfumeria higiene salud;semillas de chia ecocesta bolsa 160 g;2.3
perfumeria higiene salud;vitamina c  zinc natur tierra tubo 20 unidades;1.99
perfumeria higiene salud;magnesio  vitamina b2 y b6 natur tierra tubo 20 unidades;1.99
perfumeria higiene salud;gominolas de melatonina vitaldin frasco 30 unidades;4.95
perfumeria higiene salud;bastoncillos de algodon con palo de papel planeta bebe de dia caja 50 unidades;0.87
perfumeria higiene salud;discos de algodon desmaquillantes redondos imaqe de dia bolsa 120 unidades;0.95
perfumeria higiene salud;agua oxigenada botikit de dia botella 250 ml;0.65
perfumeria higiene salud;alcohol 96 botikit de dia botella 250 ml;0.79
perfumeria higiene salud;tiritas surtidas botikit de dia caja 30 unidades;0.99
perfumeria higiene salud;quitaesmalte ultra efectivo cutex botella 200 ml;3.29
perfumeria higiene salud;quitaesmalte extrahidratante cutex botella 200 ml;3.29
perfumeria higiene salud;quitaesmalte con acetona imaqe de dia botella 200 ml;1.15
perfumeria higiene salud;quitaesmalte con acetona pura imaqe de dia botella 200 ml;1.7
perfumeria higiene salud;cera depilatoria caliente imaqe de dia bote 100 g;2.65
perfumeria higiene salud;banda depilatoria facial aloe vera imaqe de dia caja 16 unidades;1.1
perfumeria higiene salud;maquinilla depilacion 2 hojas imaqe de dia bolsa 10 unidades;2.15
perfumeria higiene salud;maquinilla depilacion 3 hojas  imaqe de dia bolsa 4 unidades;2.6
perfumeria higiene salud;maquinilla desechable mujer gillette blue ii blister 6 unidades;2.99
perfumeria higiene salud;gel de ducha avena botella 1 l;1.09
perfumeria higiene salud;gel de ducha con glicerina clasico imaqe de dia botella 750 ml;1.49
perfumeria higiene salud;esponja de bano flor accion exfoliante imaqe de dia bolsa 1 unidad;0.85
perfumeria higiene salud;gel de ducha tradicion con aceites esenciales imaqe de dia botella 750 ml;1.49
perfumeria higiene salud;bruma solar protege  refresca spf 50 nivea spray 200 ml;11.65
perfumeria higiene salud;protector solar spf 30 imaqe de dia spray 250 ml;6.25
perfumeria higiene salud;bruma solar infantil spf 50 imaqe de dia spray 200 ml;3.99
perfumeria higiene salud;protector solar infantil protege  cuida spf 50 nivea spray 270 ml;11.65
perfumeria higiene salud;leche solar hydra 24 spf 30 delial bote 175 ml;13.49
limpieza y hogar;ambientador perlas perfumadas tropical super paco de dia 110 g;1.45
limpieza y hogar;bolsas de congelacion doble zip 1 litro super paco de dia caja 20 unidades;1.2
limpieza y hogar;lavavajillas maquina excellence super paco de dia bolsa 20 unidades;3.99
limpieza y hogar;lejia ropa densa perfumada dia garrafa 2 l;1.29
limpieza y hogar;bayeta de microfibra multiusos pequena super paco de dia bolsa 3 unidades;1.6
limpieza y hogar;bayetas suaves super paco de dia bolsa 6 unidades;1.1
limpieza y hogar;estropajo limpieza delicada super paco de dia 3 unidades;1.2
limpieza y hogar;fregona de microfibra suelos delicados super paco de dia bolsa 1 unidad;1.65
limpieza y hogar;escoba antichoque gris y celeste sp berner 1 unidad;2.25
limpieza y hogar;bolsa de basura con autocierre azul 30 lt super paco de dia 30 unidades;1.55
limpieza y hogar;bolsa de basura con autocierre perfumada 30 lt super paco de dia 20 unidades;1.79
limpieza y hogar;bolsas de basura autocierre 10 lt super paco de dia 30 unidades;1.01
limpieza y hogar;bolsa de basura con autocierre 50 lt super paco de dia 10 unidades;1.05
limpieza y hogar;bolsa de basura especial envases 30 lt super paco de dia 20 unidades;1.39
limpieza y hogar;lejia con detergente dia garrafa 2 l;1.15
limpieza y hogar;lejia con detergente limon dia garrafa 2 l;1.15
limpieza y hogar;lejia hogar garrafa amarilla dia garrafa 2 l;0.8
limpieza y hogar;amoniaco perfumado dia botella 15 l;0.85
limpieza y hogar;lejia dia garrafa 5 l;1.85
limpieza y hogar;limpiacristales super paco de dia spray 1 l;1.2
limpieza y hogar;friegasuelos lavanda super paco de dia botella 15 l;0.99
limpieza y hogar;friegasuelos concentrado floral super paco de dia botella 1 l;1.6
limpieza y hogar;friegasuelos concentrado paraiso super paco de dia botella 1 l;1.79
limpieza y hogar;friegasuelos concentrado mascotas super paco de dia botella 1 l;1.89
limpieza y hogar;limpiador desinfectante multiusos sanytol spray 750 ml;2.99
limpieza y hogar;desinfectante multiusos super paco de dia botella 970 ml;1.95
limpieza y hogar;limpiador oxigeno activo super paco de dia botella 1 l;1.35
limpieza y hogar;vinagre de limpieza super paco de dia botella 1 l;0.9
limpieza y hogar;limpiador multiusos super paco de dia spray 600 ml;1.3
limpieza y hogar;gel limpiador wc azul marino super paco de dia botella 1 l;1.19
limpieza y hogar;gel limpiador wc lejia perfumada super paco de dia botella 1 l;0.95
limpieza y hogar;colgador para wc floral super paco de dia blister 2 unidades;1.69
limpieza y hogar;limpiador de bano antical super paco de dia spray 600 ml;1.59
limpieza y hogar;limpiador de bano blanqueador accion total super paco de dia spray 600 ml;1.75
limpieza y hogar;limpiador de vitroceramica en crema super paco de dia botella 500 ml;2
limpieza y hogar;limpiador de vitroceramica super paco de dia spray 500 ml;1.75
limpieza y hogar;limpiador de cocina quitagrasas super paco de dia spray 600 ml;1.79
limpieza y hogar;limpiador de cocina potente super paco de dia spray 600 ml;1.99
limpieza y hogar;limpiador de freidora de aire super paco de dia spray 600 ml;1.95
limpieza y hogar;lavavajillas mano concentrado ultra fairy botella 480 ml;2.99
limpieza y hogar;lavavajillas a mano concentrado ultra super paco de dia botella 500 ml;0.92
limpieza y hogar;lavavajillas a mano super paco de dia botella 13 l;1.35
limpieza y hogar;sal para lavavajillas super paco de dia bolsa 2 kg;0.95
limpieza y hogar;papel higienico  la llama dia bolsa 12 unidades;2.49
limpieza y hogar;papel higienico compacto doble rollo la llama dia bolsa 12 unidades;4.5
limpieza y hogar;papel de cocina compacto doble rollo la llama dia bolsa 3 unidades;2.29
limpieza y hogar;papel multiusos absorcion 375 servicios la llama dia bolsa 1 unidad;2.9
limpieza y hogar;servilletas blancas 1 capa la llama dia bolsa 200 unidades;1.25
limpieza y hogar;papel de aluminio super paco de dia caja 30 m;2.15
limpieza y hogar;film transparente super paco de dia caja 80 m;1.6
limpieza y hogar;bolsas de congelacion 4 litros super paco de dia caja 30 unidades;0.64
limpieza y hogar;papel de horno super paco de dia caja 20 unidades;1.13
limpieza y hogar;detergente maquina liquido azul super paco de dia garrafa 46 lavados;4.15
limpieza y hogar;suavizante concentrado azul super paco de dia botella 75 lavados;1.99
limpieza y hogar;planchado facil super paco de dia spray 600 ml;1.95
limpieza y hogar;neutralizador de olores textil super paco de dia spray 600 ml;1.95
limpieza y hogar;quitamanchas super paco de dia spray 600 ml;1.9
limpieza y hogar;esponja para calzado brillo inmediato incolora yak caja 1 unidad;1.75
limpieza y hogar;desodorante desinfectante para calzado sanytol spray 150 ml;3.99
limpieza y hogar;pastillas antipolillas lavanda aniquilax de dia bolsa 24 unidades;1.55
limpieza y hogar;colgador antipolillas lavanda aniquilax de dia bolsa 2 unidades;1.55
limpieza y hogar;insecticida cucarachas y hormigas aniquilax de dia spray 400 ml;2.7
limpieza y hogar;insecticida moscas y mosquitos perfumado aniquilax de dia spray 750 ml;2.25
limpieza y hogar;insecticida moscas y mosquitos sin perfume aniquilax de dia spray 750 ml;2.25
limpieza y hogar;pila aa varta blister 10 unidades;5.69
limpieza y hogar;pila aaa varta blister 10 unidades;5.69
limpieza y hogar;cerillas flam'up caja 3 unidades;0.99
limpieza y hogar;recipientes hermeticos cuadrados 600 ml set conservers bolsa 5 unidades;2.29
limpieza y hogar;recipientes hermeticos rectangulares 1 l set conservers bolsa 5 unidades;3.09
limpieza y hogar;ambientador ropa limpia super paco de dia spray 300 ml;1.3
limpieza y hogar;ambientador perlas perfumadas lima super paco de dia 110 g;1.45
limpieza y hogar;vela perfumada palo santo imaqe de dia caja 1 unidad;1.89
limpieza y hogar;vela perfumada berry  musk imaqe de dia caja 1 unidad;1.89
limpieza y hogar;vela perfumada hamman imaqe de dia caja 1 unidad;1.89
limpieza y hogar;papel para freidora de aire super paco de dia bolsa 25 unidades;1.99
mascotas;alimento para gatos fantastic sabor carne felix bolsa 4 x 85 g;2.89
mascotas;alimento para gatos fantastic sabor festin del mar 4 unidades felix bolsa 340 g;2.89
mascotas;alimento para gato bocaditos en salsa deligato de dia pack 12 x 100 g;3.99
mascotas;mousse para gatos con pescado gourmet lata 85 g;1.09
mascotas;sticks dentales para perros deliperro de dia bolsa 180 g;1.51
mascotas;snack para perros palitos con pollo deliperro de dia bolsa 200 g;1.1
mascotas;alimento para perros trozos en salsa con buey y verduras deliperro de dia lata 125 kg;1.79
mascotas;alimento para perros trozos en salsa con ave y arroz deliperro de dia lata 125 kg;1.79
mascotas;bolsas para residuos caninos con asas deliperro de dia caja 36 unidades;1.19
mascotas;arena para gatos absorbente deligato de dia bolsa 5 kg;1.5
mascotas;arena para gatos absorbente perfumada deligato de dia bolsa 5 kg;1.89
mascotas;snack para gatos rellenos con pollo y malta deligato de dia bolsa 60 g;0.94
mascotas;snack para gatos liquido de pollo y salmon deligato de dia bolsa 105 g;1.4
mascotas;barritas con fruta para periquitos biazoo bolsa 60 g;1.39
